,Adjektiv,P(han),P(hun),Differanse
758,kristen,0.9306473135948181,0.02556663751602173,0.9050806760787964
143,barokk,0.9247322678565979,0.020977942273020744,0.9037543255835772
669,kanon,0.904178261756897,0.014291142113506794,0.8898871196433902
741,kontrær,0.9112903475761414,0.02315344288945198,0.8881369046866894
1089,rasjonal,0.9157195091247559,0.030467620119452477,0.8852518890053034
665,kafkask,0.9005323052406311,0.03573967516422272,0.8647926300764084
238,demonstrativ,0.905305802822113,0.040961187332868576,0.8643446154892445
863,meddelsom,0.8930109143257141,0.02896544151008129,0.8640454728156328
513,godtroende,0.8914929628372192,0.02792087383568287,0.8635720890015364
1055,predikativ,0.8902140259742737,0.02715759351849556,0.8630564324557781
652,ivoriansk,0.8964495062828064,0.03436307609081268,0.8620864301919937
878,militær,0.8839545249938965,0.023132622241973877,0.8608219027519226
299,elektromekanisk,0.9045825004577637,0.046280067414045334,0.8583024330437183
1352,tentativ,0.8965213894844055,0.039463646709918976,0.8570577427744865
1142,salongfähig,0.9002885818481445,0.04593383148312569,0.8543547503650188
1533,uvitende,0.8906474113464355,0.039435435086488724,0.8512119762599468
861,matematisk,0.8777709007263184,0.02710139751434326,0.8506695032119751
1105,retorisk,0.8859924077987671,0.038841091096401215,0.8471513167023659
597,høyre,0.8759336471557617,0.031007489189505577,0.8449261579662561
939,normativ,0.8839623928070068,0.041214194148778915,0.8427481986582279
828,lutheransk,0.8823994398117065,0.04517895355820656,0.8372204862535
116,aserbajdsjansk,0.8703563809394836,0.038327906280756,0.8320284746587276
770,kumulativ,0.8782250285148621,0.046759553253650665,0.8314654752612114
676,keivhendt,0.8700019717216492,0.03942304849624634,0.8305789232254028
1565,venstre,0.8696511387825012,0.04320354387164116,0.8264475949108601
614,imperativ,0.8524389863014221,0.026942843571305275,0.8254961427301168
1095,real,0.8794641494750977,0.05408306419849396,0.8253810852766037
258,doktrinær,0.8820655941963196,0.056878380477428436,0.8251872137188911
618,indolent,0.8663303256034851,0.04133468121290207,0.824995644390583
365,fille,0.8528867959976196,0.030302846804261208,0.8225839491933584
1164,sekulær,0.8621604442596436,0.03969385102391243,0.8224665932357311
367,filosofisk,0.8771371245384216,0.055677205324172974,0.8214599192142487
15,additiv,0.8472170829772949,0.027311593294143677,0.8199054896831512
926,nesegrus,0.8415763974189758,0.02173655293881893,0.8198398444801569
82,anglikansk,0.8735325932502747,0.055174533277750015,0.8183580599725246
731,konfus,0.8762339949607849,0.05869371443986893,0.817540280520916
1088,rar,0.8754807710647583,0.060080915689468384,0.8153998553752899
108,aristokratisk,0.862973153591156,0.04843687638640404,0.814536277204752
777,kursiv,0.8752057552337646,0.06071696802973747,0.8144887872040272
247,disig,0.869503915309906,0.05550024285912514,0.8140036724507809
1243,sober,0.8687540888786316,0.055094413459300995,0.8136596754193306
914,narrativ,0.8610470294952393,0.04798336327075958,0.8130636662244797
95,apologetisk,0.8660964965820312,0.05393943563103676,0.8121570609509945
97,aprikos,0.8475891947746277,0.03571176528930664,0.811877429485321
474,gammal,0.8429819941520691,0.033081911504268646,0.8099000826478004
930,niten,0.8630897402763367,0.053540267050266266,0.8095494732260704
850,mange,0.8605284690856934,0.05331234633922577,0.8072161227464676
931,nonfigurativ,0.8679587841033936,0.06090825796127319,0.8070505261421204
723,kommunistisk,0.8533936738967896,0.0486668199300766,0.804726853966713
211,brekkekkel,0.8580633401870728,0.054065603762865067,0.8039977364242077
779,kvinnelig,0.13122399151325226,0.6260155439376831,-0.49479155242443085
468,følsom,0.2861880958080292,0.6198416352272034,-0.3336535394191742
1460,ufødt,0.11492595821619034,0.42075589299201965,-0.3058299347758293
1535,vakker,0.28697091341018677,0.551322340965271,-0.26435142755508423
44,aktsom,0.32524582743644714,0.562736988067627,-0.2374911606311798
1222,skånsom,0.300817608833313,0.5315535068511963,-0.2307358980178833
416,forplantningsmessig,0.0877477303147316,0.306264728307724,-0.2185169979929924
1332,søt,0.21461986005306244,0.4295179843902588,-0.21489812433719635
1458,ufruktbar,0.19249489903450012,0.4019685685634613,-0.20947366952896118
1488,ung,0.25007498264312744,0.44678664207458496,-0.19671165943145752
700,kjærlig,0.33840212225914,0.5270597338676453,-0.18865761160850525
1536,valgfri,0.2895870506763458,0.4780934751033783,-0.18850642442703247
699,kjærkommen,0.30780866742134094,0.4943089783191681,-0.18650031089782715
1534,uønsket,0.24179315567016602,0.4245670735836029,-0.1827739179134369
1119,romantisk,0.2849283218383789,0.45510751008987427,-0.17017918825149536
1457,ufrivillig,0.23268459737300873,0.3778529763221741,-0.14516837894916534
487,gift,0.2897643446922302,0.43229639530181885,-0.14253205060958862
970,omsorgsfull,0.30351153016090393,0.4336843490600586,-0.13017281889915466
592,hårsår,0.04901564493775368,0.17859312891960144,-0.12957748398184776
690,kjempemorsom,0.33639949560165405,0.443843275308609,-0.10744377970695496
1039,pinlig,0.29503583908081055,0.39929693937301636,-0.10426110029220581
890,morsk,0.21811434626579285,0.32170963287353516,-0.10359528660774231
1177,sikker,0.23262348771095276,0.33603915572166443,-0.10341566801071167
1212,skjønn,0.3754202127456665,0.47679802775382996,-0.10137781500816345
1234,smålig,0.34614095091819763,0.44553935527801514,-0.0993984043598175
1600,ytre,0.3383190333843231,0.43687722086906433,-0.09855818748474121
444,fremoverlent,0.3667280673980713,0.4648228585720062,-0.09809479117393494
1529,uutholdelig,0.14209288358688354,0.23662066459655762,-0.09452778100967407
320,ensom,0.3405011296272278,0.4308280050754547,-0.09032687544822693
1306,svak,0.4114454388618469,0.49867773056030273,-0.08723229169845581
1169,selvstendig,0.0952240377664566,0.17688098549842834,-0.08165694773197174
915,naturlig,0.03869733214378357,0.11696017533540726,-0.07826284319162369
1413,tynn,0.2750263214111328,0.34706130623817444,-0.07203498482704163
546,handlekraftig,0.35863813757896423,0.429937481880188,-0.07129934430122375
943,nydelig,0.35922735929489136,0.42646411061286926,-0.0672367513179779
578,hovmodig,0.3198501169681549,0.37866175174713135,-0.05881163477897644
489,giftig,0.09450578689575195,0.14609506726264954,-0.05158928036689758
565,het,0.36951643228530884,0.4204857051372528,-0.05096927285194397
832,lysegrønn,0.07179134339094162,0.12178576737642288,-0.04999442398548126
1508,usikker,0.13660138845443726,0.1854625940322876,-0.04886120557785034
987,ordinær,0.3402099609375,0.3865295946598053,-0.0463196337223053
944,nyfødt,0.09559214860200882,0.13252456486225128,-0.03693241626024246
764,kroppslig,0.2219211310148239,0.2576064169406891,-0.03568528592586517
518,grei,0.29400986433029175,0.32774344086647034,-0.03373357653617859
1380,toårig,0.08127433061599731,0.11392828822135925,-0.03265395760536194
1019,passiv,0.07439104467630386,0.1060161292552948,-0.031625084578990936
348,fargeløs,0.07716477662324905,0.10862527042627335,-0.03146049380302429
879,mindreårig,0.012926971539855003,0.043886758387088776,-0.030959786847233772
906,mørk,0.30570074915885925,0.33395254611968994,-0.02825179696083069
556,helstøpt,0.4091392755508423,0.437083899974823,-0.027944624423980713
